{"loss":0.36764076352119446,"_wandb":{"runtime":3593},"aux_loss":0.011138912290334702,"l1_norm":108.77523803710938,"num_dead_features":13,"l0_norm":32,"_runtime":3593.633869275,"n_dead_in_batch":768,"performance/ce_degradation":-0.27188193798065186,"l2_loss":0.35650184750556946,"performance/recovery_from_zero":0.8950977511806736,"_timestamp":1.7404918201069443e+09,"l1_loss":0,"_step":34559,"performance/recovery_from_mean":0.8945381966802974}