{"details/n_training_tokens":768000,"details/current_learning_rate":0,"losses/auxiliary_reconstruction_loss":0.2301664650440216,"sparsity/mean_passes_since_fired":2970.2265625,"plots/feature_density_line_chart":{"_type":"histogram","values":[10140,0,0,0,0,0,0,0,0,0,0,0,0,0,0,0,0,0,0,0,0,0,0,0,0,0,0,0,0,0,0,0,0,0,0,0,0,0,0,0,0,0,0,0,0,0,0,0,0,0,0,0,0,0,0,0,0,0,0,0,0,0,0,100],"bins":[-10,-9.84375,-9.6875,-9.53125,-9.375,-9.21875,-9.0625,-8.90625,-8.75,-8.59375,-8.4375,-8.28125,-8.125,-7.96875,-7.8125,-7.65625,-7.5,-7.34375,-7.1875,-7.03125,-6.875,-6.71875,-6.5625,-6.40625,-6.25,-6.09375,-5.9375,-5.78125,-5.625,-5.46875,-5.3125,-5.15625,-5,-4.84375,-4.6875,-4.53125,-4.375,-4.21875,-4.0625,-3.90625,-3.75,-3.59375,-3.4375,-3.28125,-3.125,-2.96875,-2.8125,-2.65625,-2.5,-2.34375,-2.1875,-2.03125,-1.875,-1.71875,-1.5625,-1.40625,-1.25,-1.09375,-0.9375,-0.78125,-0.625,-0.46875,-0.3125,-0.15625,0]},"details/current_l1_coefficient":10,"_timestamp":1.74005296361692e+09,"losses/overall_loss":15.063371658325195,"metrics/explained_variance":0.14638569951057434,"token_stats":{"total_tokens_eval_reconstruction":40960,"total_tokens_eval_sparsity_variance":40960},"reconstruction_quality":{"mse":1162.5125732421875,"cossim":0.9960809946060181,"explained_variance":-499113.90625},"metrics/l0":100,"_wandb":{"runtime":620},"weights/W_dec_norms":{"values":[539,1173,683,425,368,311,377,348,269,238,295,370,439,467,481,436,463,425,387,365,286,226,190,150,109,66,53,42,28,23,23,14,19,8,13,11,13,15,7,6,7,1,5,5,7,5,4,5,6,7,3,6,5,3,3,1,0,1,1,2,1,0,0,1],"bins":[0.04905696585774422,0.05610785260796547,0.06315874308347702,0.07020962983369827,0.07726051658391953,0.08431140333414078,0.09136229008436203,0.09841317683458328,0.10546406358480453,0.11251495033502579,0.11956583708524704,0.1266167312860489,0.13366761803627014,0.1407185047864914,0.14776939153671265,0.1548202782869339,0.16187116503715515,0.1689220517873764,0.17597293853759766,0.1830238252878189,0.19007471203804016,0.1971255987882614,0.20417648553848267,0.21122737228870392,0.21827825903892517,0.22532914578914642,0.23238003253936768,0.23943091928958893,0.24648180603981018,0.2535327076911926,0.2605835795402527,0.26763448119163513,0.2746853530406952,0.28173625469207764,0.2887871265411377,0.29583802819252014,0.3028889000415802,0.30993980169296265,0.3169906735420227,0.32404157519340515,0.3310924470424652,0.33814334869384766,0.3451942503452301,0.35224512219429016,0.3592960238456726,0.36634689569473267,0.3733977973461151,0.38044866919517517,0.3874995708465576,0.3945504426956177,0.4016013443470001,0.4086522161960602,0.4157031178474426,0.4227539896965027,0.42980489134788513,0.4368557631969452,0.44390666484832764,0.4509575366973877,0.45800843834877014,0.4650593101978302,0.47211021184921265,0.4791610836982727,0.48621198534965515,0.4932628571987152,0.5003137588500977],"_type":"histogram"},"metrics/explained_variance_std":0.10281063616275787,"_step":2999,"model_performance_preservation":{"ce_loss_with_sae":8.792959213256836,"ce_loss_without_sae":6.354041576385498,"ce_loss_score":0.11806837150861252,"ce_loss_with_ablation":9.119468688964844},"_runtime":620.0393463,"metrics/mean_log10_feature_sparsity":-9.90234375,"sparsity/below_1e-6":10140,"sparsity":{"l0":100,"l1":449.00177001953125},"sparsity/below_1e-5":10140,"shrinkage":{"l2_ratio":61.3582649230957,"relative_reconstruction_bias":61.59741973876953,"l2_norm_in":35.731204986572266,"l2_norm_out":2191.824462890625},"sparsity/dead_features":10140,"losses/mse_loss":14.833205223083496}