{"token_stats":{"total_tokens_eval_reconstruction":20480,"total_tokens_eval_sparsity_variance":20480},"weights/W_dec_norms":{"values":[16,11,5,2,2,0,0,7,18,20,61,653,1191,462,256,146,120,67,57,43,67,48,78,126,80,77,105,116,143,227,317,331,356,334,312,325,322,309,298,277,261,237,259,254,260,260,226,208,176,134,110,100,69,69,53,50,43,40,20,10,9,5,0,2],"bins":[0.05305316299200058,0.054633475840091705,0.05621379241347313,0.057794105261564255,0.05937441810965538,0.060954730957746506,0.06253504753112793,0.06411536037921906,0.06569567322731018,0.0672759860754013,0.06885629892349243,0.07043661922216415,0.07201693207025528,0.0735972449183464,0.07517755776643753,0.07675787061452866,0.07833818346261978,0.07991849631071091,0.08149881660938263,0.08307912945747375,0.08465944230556488,0.086239755153656,0.08782006800174713,0.08940038084983826,0.09098069369792938,0.0925610139966011,0.09414132684469223,0.09572163969278336,0.09730195254087448,0.0988822653889656,0.10046257823705673,0.10204289108514786,0.10362321138381958,0.1052035242319107,0.10678383708000183,0.10836414992809296,0.10994446277618408,0.11152477562427521,0.11310508847236633,0.11468540132045746,0.11626572161912918,0.1178460344672203,0.11942634731531143,0.12100666016340256,0.12258697301149368,0.12416728585958481,0.12574760615825653,0.12732791900634766,0.12890823185443878,0.1304885447025299,0.13206885755062103,0.13364917039871216,0.13522948324680328,0.1368097960948944,0.13839010894298553,0.13997042179107666,0.14155073463916779,0.1431310623884201,0.14471137523651123,0.14629168808460236,0.14787200093269348,0.1494523137807846,0.15103262662887573,0.15261293947696686,0.15419325232505798],"_type":"histogram"},"metrics/mean_log10_feature_sparsity":-9.871057510375977,"metrics/explained_variance":-164.4271240234375,"reconstruction_quality":{"mse":2.6484270095825195,"cossim":0.20849142968654633,"explained_variance":-701.7106323242188},"metrics/l0":100,"_runtime":1319.666576385,"details/n_training_tokens":3870720,"_step":3779,"_timestamp":1.7400630267829838e+09,"losses/auxiliary_reconstruction_loss":914.1318359375,"details/current_learning_rate":1.2603333333333356e-06,"plots/feature_density_line_chart":{"bins":[-10,-9.84375,-9.6875,-9.53125,-9.375,-9.21875,-9.0625,-8.90625,-8.75,-8.59375,-8.4375,-8.28125,-8.125,-7.96875,-7.8125,-7.65625,-7.5,-7.34375,-7.1875,-7.03125,-6.875,-6.71875,-6.5625,-6.40625,-6.25,-6.09375,-5.9375,-5.78125,-5.625,-5.46875,-5.3125,-5.15625,-5,-4.84375,-4.6875,-4.53125,-4.375,-4.21875,-4.0625,-3.90625,-3.75,-3.59375,-3.4375,-3.28125,-3.125,-2.96875,-2.8125,-2.65625,-2.5,-2.34375,-2.1875,-2.03125,-1.875,-1.71875,-1.5625,-1.40625,-1.25,-1.09375,-0.9375,-0.78125,-0.625,-0.46875,-0.3125,-0.15625,0],"_type":"histogram","values":[10089,0,0,0,0,0,0,0,0,0,0,0,0,0,0,0,0,0,0,0,0,0,0,0,0,7,0,4,1,0,1,1,2,1,1,2,2,0,0,1,0,2,4,1,1,1,2,3,2,4,1,1,1,0,0,2,0,0,3,0,0,0,0,100]},"losses/overall_loss":2205.012451171875,"losses/mse_loss":1290.880615234375,"sparsity/dead_features":10047,"sparsity":{"l0":100,"l1":31.91204833984375},"sparsity/mean_passes_since_fired":3697.49072265625,"model_performance_preservation":{"ce_loss_score":-0.16717288253335755,"ce_loss_with_ablation":9.103483200073242,"ce_loss_with_sae":9.515663146972656,"ce_loss_without_sae":6.637892246246338},"shrinkage":{"l2_norm_out":71.31689453125,"l2_ratio":2.0051681995391846,"relative_reconstruction_bias":9.620409965515137,"l2_norm_in":35.642635345458984},"sparsity/below_1e-6":10096,"_wandb":{"runtime":1319},"sparsity/below_1e-5":10103,"metrics/explained_variance_std":59.100830078125,"details/current_l1_coefficient":6.3e-05}