{"shrinkage":{"l2_norm_in":35.86824035644531,"l2_norm_out":2200.342529296875,"l2_ratio":61.3447151184082,"relative_reconstruction_bias":61.35686111450195},"model_performance_preservation":{"ce_loss_with_ablation":9.119468688964844,"ce_loss_with_sae":6.392263412475586,"ce_loss_without_sae":6.354041576385498,"ce_loss_score":0.9861786861363205},"sparsity/mean_passes_since_fired":2437.655029296875,"losses/overall_loss":3322.97998046875,"sparsity/below_1e-5":8521,"reconstruction_quality":{"mse":1172.8748779296875,"cossim":0.9998369216918945,"explained_variance":-497412.09375},"_step":2999,"details/n_training_tokens":768000,"metrics/explained_variance":0.958936333656311,"sparsity/dead_features":8449,"_wandb":{"runtime":610},"losses/l0_loss":3322.5390625,"_timestamp":1.7400575920055366e+09,"losses/mse_loss":0.4409273862838745,"metrics/explained_variance_std":0.021232306957244873,"plots/feature_density_line_chart":{"_type":"histogram","values":[8449,0,0,0,0,0,0,0,0,0,0,0,0,0,0,0,0,0,0,0,0,0,0,0,0,0,0,0,0,59,0,13,4,6,1,4,3,1,3,1,1,0,0,1,1,5,6,5,8,1,0,1,0,0,0,1,3,2,2,1,9,7,11,1631],"bins":[-10,-9.84375,-9.6875,-9.53125,-9.375,-9.21875,-9.0625,-8.90625,-8.75,-8.59375,-8.4375,-8.28125,-8.125,-7.96875,-7.8125,-7.65625,-7.5,-7.34375,-7.1875,-7.03125,-6.875,-6.71875,-6.5625,-6.40625,-6.25,-6.09375,-5.9375,-5.78125,-5.625,-5.46875,-5.3125,-5.15625,-5,-4.84375,-4.6875,-4.53125,-4.375,-4.21875,-4.0625,-3.90625,-3.75,-3.59375,-3.4375,-3.28125,-3.125,-2.96875,-2.8125,-2.65625,-2.5,-2.34375,-2.1875,-2.03125,-1.875,-1.71875,-1.5625,-1.40625,-1.25,-1.09375,-0.9375,-0.78125,-0.625,-0.46875,-0.3125,-0.15625,0]},"_runtime":610.132829782,"details/current_learning_rate":0,"metrics/mean_log10_feature_sparsity":-8.30844497680664,"weights/W_dec_norms":{"values":[1786,1479,2155,1717,2678,45,34,25,2,4,1,2,0,2,2,5,13,11,15,12,11,14,10,3,6,11,4,6,4,3,4,10,11,7,4,2,4,4,2,3,2,4,5,9,10,22,13,11,18,12,8,7,3,1,1,0,0,2,0,0,0,0,0,1],"bins":[0.0666029304265976,0.07415098696947098,0.08169904351234436,0.08924710005521774,0.09679516404867172,0.1043432205915451,0.11189127713441849,0.11943933367729187,0.12698739767074585,0.13453544676303864,0.14208351075649261,0.1496315598487854,0.15717962384223938,0.16472768783569336,0.17227573692798615,0.17982380092144012,0.1873718500137329,0.1949199140071869,0.20246796309947968,0.21001602709293365,0.21756409108638763,0.22511214017868042,0.2326602041721344,0.24020825326442719,0.24775631725788116,0.25530436635017395,0.26285243034362793,0.2704004943370819,0.2779485583305359,0.2854965925216675,0.29304465651512146,0.30059272050857544,0.3081407845020294,0.3156888484954834,0.323236882686615,0.33078494668006897,0.33833301067352295,0.34588107466697693,0.3534291088581085,0.3609771728515625,0.3685252368450165,0.37607330083847046,0.38362136483192444,0.39116939902305603,0.39871746301651,0.406265527009964,0.41381359100341797,0.42136165499687195,0.42890968918800354,0.4364577531814575,0.4440058171749115,0.4515538811683655,0.45910194516181946,0.46664997935295105,0.47419804334640503,0.481746107339859,0.489294171333313,0.4968422055244446,0.504390299320221,0.5119383335113525,0.5194863677024841,0.5270344614982605,0.5345824956893921,0.5421305894851685,0.5496786236763],"_type":"histogram"},"token_stats":{"total_tokens_eval_reconstruction":40960,"total_tokens_eval_sparsity_variance":40960},"metrics/l0":1661.26953125,"details/current_l1_coefficient":2,"sparsity":{"l0":1661.4263916015625,"l1":1227.1319580078125},"sparsity/below_1e-6":8449}