{"metrics/explained_variance":0.04048135504126549,"reconstruction_quality":{"explained_variance":-491919.21875,"mse":2342.68115234375,"cossim":0.9957084059715271},"details/current_l1_coefficient":4.3,"details/current_learning_rate":5e-05,"token_stats":{"total_tokens_eval_reconstruction":20480,"total_tokens_eval_sparsity_variance":20480},"weights/W_dec_norms":{"values":[97,158,219,354,435,401,358,279,305,285,262,263,281,246,251,256,330,293,325,318,380,322,320,343,272,298,304,262,265,207,175,184,147,117,96,116,111,109,72,61,58,45,32,30,32,27,23,24,19,15,13,9,8,9,5,2,4,2,1,2,0,0,1,2],"bins":[0.04922318831086159,0.051773250102996826,0.054323311895132065,0.0568733774125576,0.05942343920469284,0.06197350099682808,0.06452356278896332,0.06707362830638885,0.0696236863732338,0.07217375189065933,0.07472381740808487,0.07727387547492981,0.07982394099235535,0.08237400650978088,0.08492406457662582,0.08747413009405136,0.0900241881608963,0.09257425367832184,0.09512431919574738,0.09767437726259232,0.10022444278001785,0.10277450084686279,0.10532456636428833,0.10787463188171387,0.11042468994855881,0.11297475546598434,0.11552482098340988,0.11807487905025482,0.12062494456768036,0.1231750026345253,0.12572507560253143,0.12827512621879578,0.1308251917362213,0.13337525725364685,0.1359253227710724,0.13847538828849792,0.14102543890476227,0.1435755044221878,0.14612556993961334,0.14867563545703888,0.15122570097446442,0.15377575159072876,0.1563258171081543,0.15887588262557983,0.16142594814300537,0.1639760136604309,0.16652606427669525,0.1690761297941208,0.17162619531154633,0.17417626082897186,0.1767263263463974,0.17927637696266174,0.18182644248008728,0.18437650799751282,0.18692657351493835,0.1894766390323639,0.19202670454978943,0.19457675516605377,0.1971268206834793,0.19967688620090485,0.20222695171833038,0.20477701723575592,0.20732706785202026,0.2098771333694458,0.21242719888687134],"_type":"histogram"},"_runtime":553.757219061,"_wandb":{"runtime":553},"sparsity/below_1e-5":9990,"sparsity":{"l1":458.4898986816406,"l0":100},"sparsity/mean_passes_since_fired":1276.9224853515625,"metrics/explained_variance_std":0.10640985518693924,"sparsity/dead_features":10140,"metrics/mean_log10_feature_sparsity":-9.78877067565918,"_step":1289,"details/n_training_tokens":1320960,"metrics/l0":100,"model_performance_preservation":{"ce_loss_score":0.09135493254829588,"ce_loss_with_ablation":9.09575366973877,"ce_loss_with_sae":8.834834098815918,"ce_loss_without_sae":6.239645481109619},"losses/auxiliary_reconstruction_loss":0.5773113965988159,"shrinkage":{"l2_norm_in":35.782894134521484,"l2_norm_out":2204.090576171875,"l2_ratio":61.665077209472656,"relative_reconstruction_bias":61.7596549987793},"losses/mse_loss":12.439199447631836,"_timestamp":1.7400409208877354e+09,"plots/feature_density_line_chart":{"values":[9960,0,0,0,0,0,0,0,0,0,0,0,0,0,0,0,0,0,0,0,0,0,0,0,0,9,0,3,7,3,2,6,3,2,6,11,6,10,7,9,7,8,8,5,2,5,5,8,6,6,3,3,7,7,9,5,2,0,0,0,0,0,0,100],"bins":[-10,-9.84375,-9.6875,-9.53125,-9.375,-9.21875,-9.0625,-8.90625,-8.75,-8.59375,-8.4375,-8.28125,-8.125,-7.96875,-7.8125,-7.65625,-7.5,-7.34375,-7.1875,-7.03125,-6.875,-6.71875,-6.5625,-6.40625,-6.25,-6.09375,-5.9375,-5.78125,-5.625,-5.46875,-5.3125,-5.15625,-5,-4.84375,-4.6875,-4.53125,-4.375,-4.21875,-4.0625,-3.90625,-3.75,-3.59375,-3.4375,-3.28125,-3.125,-2.96875,-2.8125,-2.65625,-2.5,-2.34375,-2.1875,-2.03125,-1.875,-1.71875,-1.5625,-1.40625,-1.25,-1.09375,-0.9375,-0.78125,-0.625,-0.46875,-0.3125,-0.15625,0],"_type":"histogram"},"losses/overall_loss":13.016510963439941,"sparsity/below_1e-6":9969}