{"details/current_l1_coefficient":2,"sparsity/dead_features":0,"_runtime":314.591443324,"sparsity/mean_passes_since_fired":593.1427001953125,"metrics/explained_variance_std":20.58420753479004,"_wandb":{"runtime":314},"losses/auxiliary_reconstruction_loss":0,"metrics/l0":100,"_step":599,"losses/overall_loss":509.39947509765625,"_timestamp":1.7400412591335273e+09,"metrics/explained_variance":-45.297142028808594,"details/n_training_tokens":614400,"details/current_learning_rate":5e-05,"losses/mse_loss":509.39947509765625}