{"_wandb":{"runtime":961},"_timestamp":1.7400612761359005e+09,"reconstruction_quality":{"explained_variance":-505306.0625,"mse":1178.791259765625,"cossim":0.9998756647109985},"plots/feature_density_line_chart":{"values":[4518,0,0,0,0,0,0,0,0,0,0,0,0,0,0,0,0,0,0,0,0,0,0,0,0,0,0,0,0,586,0,186,120,85,60,59,47,41,41,36,42,35,36,24,14,14,9,8,2,2,3,1,2,2,5,6,1,1,1,8,12,22,36,4175],"bins":[-10,-9.84375,-9.6875,-9.53125,-9.375,-9.21875,-9.0625,-8.90625,-8.75,-8.59375,-8.4375,-8.28125,-8.125,-7.96875,-7.8125,-7.65625,-7.5,-7.34375,-7.1875,-7.03125,-6.875,-6.71875,-6.5625,-6.40625,-6.25,-6.09375,-5.9375,-5.78125,-5.625,-5.46875,-5.3125,-5.15625,-5,-4.84375,-4.6875,-4.53125,-4.375,-4.21875,-4.0625,-3.90625,-3.75,-3.59375,-3.4375,-3.28125,-3.125,-2.96875,-2.8125,-2.65625,-2.5,-2.34375,-2.1875,-2.03125,-1.875,-1.71875,-1.5625,-1.40625,-1.25,-1.09375,-0.9375,-0.78125,-0.625,-0.46875,-0.3125,-0.15625,0],"_type":"histogram"},"metrics/explained_variance_std":0.01522664912045002,"losses/overall_loss":16562.923828125,"weights/W_dec_norms":{"values":[1491,298,1144,4799,134,314,391,265,223,160,110,110,87,91,67,44,43,33,26,36,27,41,30,29,17,20,22,23,26,17,17,11,13,8,7,6,3,2,5,7,3,2,8,5,5,3,0,3,1,0,1,3,2,0,3,0,0,1,1,0,0,1,0,1],"bins":[0.053723450750112534,0.06551475822925568,0.07730606198310852,0.08909737318754196,0.1008886769413948,0.11267998069524765,0.12447129189968109,0.13626259565353394,0.14805389940738678,0.15984520316123962,0.17163652181625366,0.1834278255701065,0.19521912932395935,0.2070104330778122,0.21880173683166504,0.23059305548667908,0.24238435924053192,0.25417566299438477,0.2659669816493988,0.27775827050209045,0.2895495891571045,0.30134087800979614,0.3131321966648102,0.3249235153198242,0.33671480417251587,0.3485061228275299,0.36029741168022156,0.3720887303352356,0.38388004899024963,0.3956713378429413,0.4074626564979553,0.419253945350647,0.431045264005661,0.44283658266067505,0.4546278715133667,0.46641919016838074,0.4782104790210724,0.4900017976760864,0.5017930865287781,0.5135844349861145,0.5253757238388062,0.5371670126914978,0.5489583015441895,0.5607496500015259,0.5725409388542175,0.5843322277069092,0.5961235761642456,0.6079148650169373,0.6197061538696289,0.6314975023269653,0.643288791179657,0.6550800800323486,0.6668713688850403,0.6786627173423767,0.6904540061950684,0.70224529504776,0.7140366435050964,0.7258279323577881,0.7376192212104797,0.7494105696678162,0.7612018585205078,0.7729931473731995,0.7847844362258911,0.7965757846832275,0.8083670735359192],"_type":"histogram"},"sparsity/dead_features":5181,"metrics/explained_variance":0.9696413278579712,"_runtime":961.323082036,"sparsity/below_1e-6":4518,"losses/l0_loss":16562.62890625,"model_performance_preservation":{"ce_loss_with_ablation":9.100884437561035,"ce_loss_with_sae":6.189367294311523,"ce_loss_without_sae":6.176235198974609,"ce_loss_score":0.9955098563056193},"sparsity":{"l0":4143.06494140625,"l1":1548.7188720703125},"metrics/mean_log10_feature_sparsity":-5.099326133728027,"details/current_l1_coefficient":4,"losses/mse_loss":0.29500678181648254,"metrics/l0":4141.51953125,"details/n_training_tokens":1228800,"_step":4799,"sparsity/below_1e-5":5290,"sparsity/mean_passes_since_fired":1779.4058837890625,"details/current_learning_rate":8e-05,"token_stats":{"total_tokens_eval_sparsity_variance":40960,"total_tokens_eval_reconstruction":40960},"shrinkage":{"relative_reconstruction_bias":61.68503952026367,"l2_norm_in":35.75474166870117,"l2_norm_out":2205.244140625,"l2_ratio":61.67702865600586}}