{"_wandb":{"runtime":640},"sparsity/below_1e-5":10139,"sparsity/mean_passes_since_fired":2968.6875,"metrics/explained_variance_std":0.14623312652111053,"weights/W_dec_norms":{"_type":"histogram","values":[256,662,626,620,883,823,628,550,467,400,398,425,331,277,289,249,221,221,201,194,179,185,147,136,119,95,65,88,77,80,65,49,59,24,35,22,19,14,13,10,8,6,2,8,2,5,2,0,0,0,2,1,0,0,0,0,0,0,0,0,0,1,0,1],"bins":[0.0516795814037323,0.056625768542289734,0.06157195195555687,0.066518135368824,0.07146432250738144,0.07641050964593887,0.08135668933391571,0.08630287647247314,0.09124906361103058,0.09619525074958801,0.10114143788814545,0.10608761757612228,0.11103380471467972,0.11597999185323715,0.12092617154121399,0.12587235867977142,0.13081854581832886,0.1357647329568863,0.14071092009544373,0.14565710723400116,0.1506032943725586,0.15554946660995483,0.16049565374851227,0.1654418408870697,0.17038802802562714,0.17533421516418457,0.180280402302742,0.18522658944129944,0.19017276167869568,0.1951189488172531,0.20006513595581055,0.20501132309436798,0.20995751023292542,0.21490369737148285,0.21984988451004028,0.22479607164859772,0.22974225878715515,0.2346884310245514,0.23963461816310883,0.24458080530166626,0.2495269924402237,0.25447317957878113,0.25941935181617737,0.264365553855896,0.26931172609329224,0.27425792813301086,0.2792041003704071,0.28415030241012573,0.289096474647522,0.2940426468849182,0.29898884892463684,0.3039350211620331,0.3088812232017517,0.31382739543914795,0.3187735974788666,0.3237197697162628,0.32866597175598145,0.3336121439933777,0.3385583162307739,0.34350451827049255,0.3484506905078888,0.3533968925476074,0.35834306478500366,0.3632892668247223,0.36823543906211853]},"reconstruction_quality":{"explained_variance":-498279.59375,"mse":1166.8370361328125,"cossim":0.9981484413146973},"sparsity/below_1e-6":10139,"sparsity/dead_features":10139,"token_stats":{"total_tokens_eval_sparsity_variance":40960,"total_tokens_eval_reconstruction":40960},"details/n_training_tokens":768000,"losses/mse_loss":5.572514057159424,"metrics/explained_variance":0.5701544880867004,"metrics/mean_log10_feature_sparsity":-9.901411056518555,"_step":2999,"model_performance_preservation":{"ce_loss_with_ablation":9.119468688964844,"ce_loss_with_sae":9.833673477172852,"ce_loss_without_sae":6.354041576385498,"ce_loss_score":-0.2582620185356687},"_runtime":640.782131589,"losses/overall_loss":5.942885398864746,"metrics/l0":100,"losses/auxiliary_reconstruction_loss":0.37037137150764465,"details/current_l1_coefficient":5,"sparsity":{"l1":475.4559020996094,"l0":100},"shrinkage":{"l2_ratio":61.348365783691406,"relative_reconstruction_bias":61.45867919921875,"l2_norm_in":35.78816223144531,"l2_norm_out":2195.25439453125},"plots/feature_density_line_chart":{"values":[10139,0,0,0,0,0,0,0,0,0,0,0,0,0,0,0,0,0,0,0,0,0,0,0,0,0,0,0,0,0,0,0,0,0,0,0,0,0,0,0,0,0,0,0,0,0,0,0,0,0,0,0,0,0,0,0,0,0,0,0,0,0,0,101],"bins":[-10,-9.84375,-9.6875,-9.53125,-9.375,-9.21875,-9.0625,-8.90625,-8.75,-8.59375,-8.4375,-8.28125,-8.125,-7.96875,-7.8125,-7.65625,-7.5,-7.34375,-7.1875,-7.03125,-6.875,-6.71875,-6.5625,-6.40625,-6.25,-6.09375,-5.9375,-5.78125,-5.625,-5.46875,-5.3125,-5.15625,-5,-4.84375,-4.6875,-4.53125,-4.375,-4.21875,-4.0625,-3.90625,-3.75,-3.59375,-3.4375,-3.28125,-3.125,-2.96875,-2.8125,-2.65625,-2.5,-2.34375,-2.1875,-2.03125,-1.875,-1.71875,-1.5625,-1.40625,-1.25,-1.09375,-0.9375,-0.78125,-0.625,-0.46875,-0.3125,-0.15625,0],"_type":"histogram"},"_timestamp":1.7400561458436544e+09,"details/current_learning_rate":0}