{"_wandb":{"runtime":5065},"_step":17639,"model_performance_preservation":{"ce_loss_without_sae":6.107841491699219,"ce_loss_score":-0.3386105904561745,"ce_loss_with_ablation":9.099080085754395,"ce_loss_with_sae":10.111945152282715},"details/current_l1_coefficient":0.000882,"metrics/mean_log10_feature_sparsity":-9.900701522827148,"details/n_training_tokens":18063360,"sparsity/below_1e-5":10138,"details/current_learning_rate":6e-06,"sparsity":{"l0":100,"l1":486.9941101074219},"losses/auxiliary_reconstruction_loss":0.46019941568374634,"sparsity/below_1e-6":10138,"shrinkage":{"l2_norm_in":35.95127487182617,"l2_norm_out":2211,"l2_ratio":61.531166076660156,"relative_reconstruction_bias":61.6558837890625},"losses/mse_loss":8.770638465881348,"metrics/l0":100,"metrics/explained_variance":0.18418987095355988,"metrics/explained_variance_std":0.13534238934516907,"sparsity/mean_passes_since_fired":17411.462890625,"plots/feature_density_line_chart":{"_type":"histogram","values":[10138,0,0,0,0,0,0,0,0,0,0,0,0,0,0,0,0,0,0,0,0,0,0,0,0,0,0,0,0,0,0,0,0,0,0,0,0,0,0,0,0,0,0,0,0,0,1,0,0,0,0,0,0,0,0,0,0,0,0,0,0,0,0,101],"bins":[-10,-9.84375,-9.6875,-9.53125,-9.375,-9.21875,-9.0625,-8.90625,-8.75,-8.59375,-8.4375,-8.28125,-8.125,-7.96875,-7.8125,-7.65625,-7.5,-7.34375,-7.1875,-7.03125,-6.875,-6.71875,-6.5625,-6.40625,-6.25,-6.09375,-5.9375,-5.78125,-5.625,-5.46875,-5.3125,-5.15625,-5,-4.84375,-4.6875,-4.53125,-4.375,-4.21875,-4.0625,-3.90625,-3.75,-3.59375,-3.4375,-3.28125,-3.125,-2.96875,-2.8125,-2.65625,-2.5,-2.34375,-2.1875,-2.03125,-1.875,-1.71875,-1.5625,-1.40625,-1.25,-1.09375,-0.9375,-0.78125,-0.625,-0.46875,-0.3125,-0.15625,0]},"_timestamp":1.7401368825160532e+09,"_runtime":5065.569857769,"sparsity/dead_features":10138,"token_stats":{"total_tokens_eval_sparsity_variance":10240,"total_tokens_eval_reconstruction":10240},"losses/overall_loss":9.23083782196045,"weights/W_dec_norms":{"bins":[0.054113227874040604,0.05942520871758461,0.06473718583583832,0.07004916667938232,0.07536114752292633,0.08067312836647034,0.08598510921001434,0.09129709005355835,0.09660907089710236,0.10192105174064636,0.10723302513360977,0.11254500597715378,0.11785698682069778,0.12316896766424179,0.1284809559583664,0.1337929219007492,0.1391049027442932,0.14441688358783722,0.14972886443138123,0.15504084527492523,0.16035282611846924,0.16566480696201324,0.17097678780555725,0.17628876864910126,0.18160074949264526,0.18691273033618927,0.19222471117973328,0.19753669202327728,0.2028486728668213,0.2081606537103653,0.2134726345539093,0.2187846153974533,0.22409659624099731,0.22940857708454132,0.23472055792808533,0.24003252387046814,0.24534450471401215,0.25065648555755615,0.25596848130226135,0.26128044724464417,0.26659244298934937,0.2719044089317322,0.2772164046764374,0.2825283706188202,0.2878403663635254,0.2931523323059082,0.298464298248291,0.3037762939929962,0.30908825993537903,0.31440025568008423,0.31971222162246704,0.32502421736717224,0.33033618330955505,0.33564817905426025,0.34096014499664307,0.34627214074134827,0.3515841066837311,0.3568961024284363,0.3622080683708191,0.3675200641155243,0.3728320300579071,0.3781440258026123,0.3834559917449951,0.3887679874897003,0.39407995343208313],"_type":"histogram","values":[7,9,40,91,292,721,1261,1542,1489,1246,972,692,441,301,185,144,114,88,59,50,56,43,46,37,30,26,25,13,21,19,16,8,13,15,19,11,16,8,6,7,5,11,7,6,4,6,4,2,3,2,0,2,0,1,1,1,1,1,1,1,0,0,1,1]},"reconstruction_quality":{"explained_variance":-605041.625,"mse":4760.115234375,"cossim":0.9972118735313416}}