{"reconstruction_quality":{"explained_variance":-496554.78125,"mse":796.0131225585938,"cossim":0.9997955560684204},"metrics/explained_variance_std":0.03157561272382736,"_wandb":{"runtime":8724},"_runtime":8724.719773571,"metrics/explained_variance":0.9498699903488159,"details/current_l1_coefficient":5,"sparsity/dead_features":10128,"plots/feature_density_line_chart":{"_type":"histogram","values":[10128,0,0,0,0,0,0,0,0,0,0,0,0,0,0,0,0,0,0,0,0,0,0,0,0,0,0,9,0,2,1,0,0,0,0,0,0,0,0,0,0,0,0,0,0,0,0,0,0,0,0,0,0,0,0,0,0,0,0,0,0,0,0,100],"bins":[-10,-9.84375,-9.6875,-9.53125,-9.375,-9.21875,-9.0625,-8.90625,-8.75,-8.59375,-8.4375,-8.28125,-8.125,-7.96875,-7.8125,-7.65625,-7.5,-7.34375,-7.1875,-7.03125,-6.875,-6.71875,-6.5625,-6.40625,-6.25,-6.09375,-5.9375,-5.78125,-5.625,-5.46875,-5.3125,-5.15625,-5,-4.84375,-4.6875,-4.53125,-4.375,-4.21875,-4.0625,-3.90625,-3.75,-3.59375,-3.4375,-3.28125,-3.125,-2.96875,-2.8125,-2.65625,-2.5,-2.34375,-2.1875,-2.03125,-1.875,-1.71875,-1.5625,-1.40625,-1.25,-1.09375,-0.9375,-0.78125,-0.625,-0.46875,-0.3125,-0.15625,0]},"metrics/l0":100,"_timestamp":1.7400503289169168e+09,"losses/overall_loss":0.5127313137054443,"sparsity/mean_passes_since_fired":29546.25,"details/current_learning_rate":0,"model_performance_preservation":{"ce_loss_without_sae":6.854896545410156,"ce_loss_score":0.9777242651680315,"ce_loss_with_ablation":9.108126640319824,"ce_loss_with_sae":6.905088901519775},"sparsity/below_1e-6":10128,"losses/auxiliary_reconstruction_loss":0.003702162764966488,"sparsity":{"l0":100.00000762939453,"l1":393.6307373046875},"_step":29999,"details/n_training_tokens":15360000,"metrics/mean_log10_feature_sparsity":-9.897211074829102,"sparsity/below_1e-5":10140,"weights/W_dec_norms":{"_type":"histogram","values":[470,1183,779,422,265,246,226,271,178,125,125,116,94,105,35,1,1,3,6,2,6,5,10,12,18,43,51,100,145,217,264,370,410,400,426,427,402,361,297,327,327,288,221,138,97,47,49,23,18,11,14,13,11,6,9,5,6,3,5,3,0,0,0,2],"bins":[0.049094997346401215,0.05620669201016426,0.06331838667392731,0.07043008506298065,0.0775417760014534,0.08465347439050674,0.09176516532897949,0.09887686371803284,0.10598856210708618,0.11310025304555893,0.12021195143461227,0.12732364237308502,0.13443534076213837,0.1415470391511917,0.14865873754024506,0.1557704210281372,0.16288211941719055,0.1699938178062439,0.17710551619529724,0.1842171996831894,0.19132889807224274,0.19844059646129608,0.20555229485034943,0.21266399323940277,0.21977567672729492,0.22688737511634827,0.2339990735054016,0.24111077189445496,0.2482224702835083,0.25533416867256165,0.262445867061615,0.26955753564834595,0.2766692340373993,0.28378093242645264,0.290892630815506,0.2980043292045593,0.30511602759361267,0.312227725982666,0.31933942437171936,0.3264511227607727,0.33356282114982605,0.340674489736557,0.34778618812561035,0.3548978865146637,0.36200958490371704,0.3691212832927704,0.37623298168182373,0.3833446800708771,0.3904563784599304,0.39756807684898376,0.4046797454357147,0.41179144382476807,0.4189031422138214,0.42601484060287476,0.4331265389919281,0.44023823738098145,0.4473499357700348,0.45446163415908813,0.4615733325481415,0.4686850309371948,0.4757966995239258,0.4829083979129791,0.49002009630203247,0.4971317946910858,0.5042434930801392]},"shrinkage":{"l2_norm_out":2219.094482421875,"l2_ratio":62.1644172668457,"relative_reconstruction_bias":62.17742919921875,"l2_norm_in":35.6971435546875},"token_stats":{"total_tokens_eval_reconstruction":61440,"total_tokens_eval_sparsity_variance":61440},"losses/mse_loss":0.5090291500091553}