{"sparsity/below_1e-6":8444,"sparsity/below_1e-5":8525,"metrics/l0":1672.33984375,"sparsity":{"l0":1672.1121826171875,"l1":1218.0736083984375},"_wandb":{"runtime":623},"metrics/mean_log10_feature_sparsity":-8.30387020111084,"reconstruction_quality":{"mse":1173.32666015625,"cossim":0.9998357892036438,"explained_variance":-503944.96875},"sparsity/mean_passes_since_fired":2434.198974609375,"losses/mse_loss":0.4201447665691376,"sparsity/dead_features":8444,"losses/l0_loss":3344.6796875,"metrics/explained_variance_std":0.023936521261930466,"weights/W_dec_norms":{"bins":[0.06669590622186661,0.07445178925991058,0.08220767229795456,0.08996355533599854,0.09771943837404251,0.10547532141208649,0.11323120445013046,0.12098708003759384,0.12874296307563782,0.1364988535642624,0.14425472915172577,0.15201061964035034,0.15976649522781372,0.1675223708152771,0.17527826130390167,0.18303413689136505,0.19079002737998962,0.198545902967453,0.20630179345607758,0.21405766904354095,0.22181355953216553,0.2295694351196289,0.23732532560825348,0.24508120119571686,0.25283709168434143,0.2605929672718048,0.2683488428592682,0.27610471844673157,0.28386062383651733,0.2916164994239807,0.2993723750114441,0.30712825059890747,0.31488415598869324,0.3226400315761566,0.33039590716362,0.3381517827510834,0.34590768814086914,0.3536635637283325,0.3614194393157959,0.3691753149032593,0.37693119049072266,0.3846870958805084,0.3924429714679718,0.4001988470554352,0.40795472264289856,0.4157106280326843,0.4234665036201477,0.4312223792076111,0.43897825479507446,0.44673416018486023,0.4544900357723236,0.462245911359787,0.47000178694725037,0.47775766253471375,0.4855135679244995,0.4932694435119629,0.5010253190994263,0.5087811946868896,0.516537070274353,0.5242929458618164,0.5320488810539246,0.5398047566413879,0.5475606322288513,0.5553165078163147,0.5630723834037781],"_type":"histogram","values":[1779,1662,2068,1605,2714,45,34,20,3,0,1,1,1,2,8,9,7,10,18,15,17,8,5,8,3,5,3,6,8,5,7,7,7,10,4,5,7,5,2,4,7,7,12,7,11,10,16,14,11,6,4,3,0,0,0,1,1,0,0,0,1,0,0,1]},"details/current_l1_coefficient":2,"_step":2999,"plots/feature_density_line_chart":{"values":[8444,0,0,0,0,0,0,0,0,0,0,0,0,0,0,0,0,0,0,0,0,0,0,0,0,0,0,0,0,68,0,13,3,5,0,1,1,2,0,2,1,1,1,1,2,5,3,2,4,2,0,0,1,0,0,3,4,2,2,5,7,13,13,1629],"bins":[-10,-9.84375,-9.6875,-9.53125,-9.375,-9.21875,-9.0625,-8.90625,-8.75,-8.59375,-8.4375,-8.28125,-8.125,-7.96875,-7.8125,-7.65625,-7.5,-7.34375,-7.1875,-7.03125,-6.875,-6.71875,-6.5625,-6.40625,-6.25,-6.09375,-5.9375,-5.78125,-5.625,-5.46875,-5.3125,-5.15625,-5,-4.84375,-4.6875,-4.53125,-4.375,-4.21875,-4.0625,-3.90625,-3.75,-3.59375,-3.4375,-3.28125,-3.125,-2.96875,-2.8125,-2.65625,-2.5,-2.34375,-2.1875,-2.03125,-1.875,-1.71875,-1.5625,-1.40625,-1.25,-1.09375,-0.9375,-0.78125,-0.625,-0.46875,-0.3125,-0.15625,0],"_type":"histogram"},"_timestamp":1.7400601772392511e+09,"metrics/explained_variance":0.9570697546005249,"shrinkage":{"l2_norm_out":2200.597412109375,"l2_ratio":61.73895263671875,"relative_reconstruction_bias":61.7489128112793,"l2_norm_in":35.64365768432617},"details/n_training_tokens":768000,"details/current_learning_rate":0,"token_stats":{"total_tokens_eval_reconstruction":40960,"total_tokens_eval_sparsity_variance":40960},"_runtime":623.297771892,"losses/overall_loss":3345.099853515625,"model_performance_preservation":{"ce_loss_with_ablation":9.119468688964844,"ce_loss_with_sae":6.392404079437256,"ce_loss_without_sae":6.354041576385498,"ce_loss_score":0.9861278198665028}}