{"sparsity/mean_passes_since_fired":2968.4345703125,"_wandb":{"runtime":641},"token_stats":{"total_tokens_eval_reconstruction":40960,"total_tokens_eval_sparsity_variance":40960},"metrics/l0":100,"weights/W_dec_norms":{"values":[62,222,280,366,466,704,856,798,766,726,632,574,549,424,359,329,272,216,166,180,145,147,130,115,104,88,87,81,60,58,48,40,28,33,16,19,11,9,9,9,6,5,3,4,4,7,1,2,1,1,4,2,1,2,2,3,1,0,0,2,1,1,2,1],"bins":[0.05184463784098625,0.05579226091504097,0.05973988398909569,0.0636875107884407,0.06763513386249542,0.07158275693655014,0.07553038001060486,0.07947800308465958,0.0834256261587143,0.08737324923276901,0.09132087230682373,0.09526849538087845,0.09921611845493317,0.10316374152898788,0.1071113646030426,0.11105898767709732,0.11500661075115204,0.11895423382520676,0.12290185689926147,0.1268494874238968,0.1307971030473709,0.13474473357200623,0.13869234919548035,0.14263997972011566,0.14658759534358978,0.1505352258682251,0.15448284149169922,0.15843047201633453,0.16237808763980865,0.16632571816444397,0.1702733337879181,0.1742209643125534,0.17816857993602753,0.18211621046066284,0.18606382608413696,0.19001145660877228,0.1939590722322464,0.1979067027568817,0.20185431838035583,0.20580194890499115,0.20974957942962646,0.21369719505310059,0.2176448255777359,0.22159244120121002,0.22554007172584534,0.22948768734931946,0.23343531787395477,0.2373829334974289,0.2413305640220642,0.24527817964553833,0.24922581017017365,0.25317344069480896,0.2571210563182831,0.2610686719417572,0.2650162875652313,0.26896393299102783,0.27291154861450195,0.2768591642379761,0.2808067798614502,0.2847544252872467,0.2887020409107208,0.29264965653419495,0.29659727215766907,0.3005449175834656,0.3044925332069397],"_type":"histogram"},"plots/feature_density_line_chart":{"_type":"histogram","values":[10140,0,0,0,0,0,0,0,0,0,0,0,0,0,0,0,0,0,0,0,0,0,0,0,0,0,0,0,0,0,0,0,0,0,0,0,0,0,0,0,0,0,0,0,0,0,0,0,0,0,0,0,0,0,0,0,0,0,0,0,0,0,0,100],"bins":[-10,-9.84375,-9.6875,-9.53125,-9.375,-9.21875,-9.0625,-8.90625,-8.75,-8.59375,-8.4375,-8.28125,-8.125,-7.96875,-7.8125,-7.65625,-7.5,-7.34375,-7.1875,-7.03125,-6.875,-6.71875,-6.5625,-6.40625,-6.25,-6.09375,-5.9375,-5.78125,-5.625,-5.46875,-5.3125,-5.15625,-5,-4.84375,-4.6875,-4.53125,-4.375,-4.21875,-4.0625,-3.90625,-3.75,-3.59375,-3.4375,-3.28125,-3.125,-2.96875,-2.8125,-2.65625,-2.5,-2.34375,-2.1875,-2.03125,-1.875,-1.71875,-1.5625,-1.40625,-1.25,-1.09375,-0.9375,-0.78125,-0.625,-0.46875,-0.3125,-0.15625,0]},"sparsity/below_1e-5":10140,"metrics/explained_variance_std":0.1558351218700409,"metrics/explained_variance":0.3108712434768677,"shrinkage":{"l2_norm_out":2192.109375,"l2_ratio":61.425025939941406,"relative_reconstruction_bias":61.653167724609375,"l2_norm_in":35.69731903076172},"losses/overall_loss":21.182722091674805,"_step":2999,"reconstruction_quality":{"mse":1162.770263671875,"cossim":0.9962124228477478,"explained_variance":-500265.21875},"sparsity/below_1e-6":10140,"details/n_training_tokens":768000,"details/current_l1_coefficient":0.001,"_timestamp":1.7400552870543356e+09,"model_performance_preservation":{"ce_loss_with_sae":8.790694236755371,"ce_loss_without_sae":6.354041576385498,"ce_loss_score":0.11888740466669576,"ce_loss_with_ablation":9.119468688964844},"details/current_learning_rate":0,"losses/mse_loss":20.794179916381836,"_runtime":641.035068947,"sparsity":{"l0":100,"l1":449.0646667480469},"metrics/mean_log10_feature_sparsity":-9.90234375,"sparsity/dead_features":10140,"losses/auxiliary_reconstruction_loss":0.38854271173477173}