{"aux_loss":0,"_timestamp":1.7404881143453426e+09,"performance/ce_degradation":-2.9165276885032654,"_runtime":119.620021908,"num_dead_features":0,"l1_norm":63.70026779174805,"l1_loss":0,"performance/recovery_from_zero":-0.13652945135048888,"_wandb":{"runtime":119},"n_dead_in_batch":436,"performance/recovery_from_mean":-0.09718223556058936,"_step":0,"loss":0.8364470601081848,"l2_loss":0.8364470601081848,"l0_norm":32}