{"sparsity/dead_features":10171,"details/current_l1_coefficient":0.001,"losses/overall_loss":1238.8590087890625,"_timestamp":1.74013819112545e+09,"details/n_training_tokens":3891200,"details/current_learning_rate":4.561199999999939e-06,"metrics/mean_log10_feature_sparsity":-9.30308723449707,"metrics/explained_variance":-164.37078857421875,"_step":3799,"_runtime":1126.772197956,"sparsity/below_1e-5":9830,"losses/mse_loss":1228.5,"sparsity/mean_passes_since_fired":3197.279541015625,"metrics/l0":32,"_wandb":{"runtime":1126},"plots/feature_density_line_chart":{"bins":[-10,-9.84375,-9.6875,-9.53125,-9.375,-9.21875,-9.0625,-8.90625,-8.75,-8.59375,-8.4375,-8.28125,-8.125,-7.96875,-7.8125,-7.65625,-7.5,-7.34375,-7.1875,-7.03125,-6.875,-6.71875,-6.5625,-6.40625,-6.25,-6.09375,-5.9375,-5.78125,-5.625,-5.46875,-5.3125,-5.15625,-5,-4.84375,-4.6875,-4.53125,-4.375,-4.21875,-4.0625,-3.906250238418579,-3.750000238418579,-3.593750238418579,-3.437500238418579,-3.281250238418579,-3.125000238418579,-2.968750238418579,-2.812500238418579,-2.656250238418579,-2.500000238418579,-2.343750238418579,-2.187500238418579,-2.031250238418579,-1.8750001192092896,-1.7187501192092896,-1.5625001192092896,-1.4062501192092896,-1.250000238418579,-1.093750238418579,-0.9375001788139343,-0.7812501788139343,-0.6250001788139343,-0.4687502086162567,-0.3125002086162567,-0.1562502086162567,-2.0708779402411892e-07],"_type":"histogram","values":[8788,0,0,0,0,0,0,0,0,0,0,0,0,0,0,0,0,0,0,0,0,0,0,104,0,84,101,88,145,195,191,134,129,72,33,28,18,2,3,7,7,6,5,7,5,3,2,5,6,4,5,9,2,2,2,3,2,4,1,0,3,4,2,29]},"losses/auxiliary_reconstruction_loss":10.359060287475586,"metrics/explained_variance_std":61.184837341308594,"sparsity/below_1e-6":8976}