{"losses/overall_loss":2.949209451675415,"details/current_l1_coefficient":5,"losses/auxiliary_reconstruction_loss":0.15416938066482544,"sparsity":{"l0":100,"l1":438.5347595214844},"sparsity/mean_passes_since_fired":7367.1328125,"_timestamp":1.7400403234429522e+09,"sparsity/below_1e-6":10140,"_runtime":673.020586013,"losses/mse_loss":2.7950401306152344,"metrics/explained_variance":0.6759734749794006,"metrics/l0":100,"sparsity/dead_features":10140,"_step":7439,"reconstruction_quality":{"cossim":0.9987713098526001,"explained_variance":-494354.34375,"mse":2365.934814453125},"shrinkage":{"l2_ratio":61.321571350097656,"relative_reconstruction_bias":61.38698959350586,"l2_norm_in":36.03269958496094,"l2_norm_out":2209.251220703125},"plots/feature_density_line_chart":{"values":[10140,0,0,0,0,0,0,0,0,0,0,0,0,0,0,0,0,0,0,0,0,0,0,0,0,0,0,0,0,0,0,0,0,0,0,0,0,0,0,0,0,0,0,0,0,0,0,0,0,0,0,0,0,0,0,0,0,0,0,0,0,0,0,100],"bins":[-10,-9.84375,-9.6875,-9.53125,-9.375,-9.21875,-9.0625,-8.90625,-8.75,-8.59375,-8.4375,-8.28125,-8.125,-7.96875,-7.8125,-7.65625,-7.5,-7.34375,-7.1875,-7.03125,-6.875,-6.71875,-6.5625,-6.40625,-6.25,-6.09375,-5.9375,-5.78125,-5.625,-5.46875,-5.3125,-5.15625,-5,-4.84375,-4.6875,-4.53125,-4.375,-4.21875,-4.0625,-3.90625,-3.75,-3.59375,-3.4375,-3.28125,-3.125,-2.96875,-2.8125,-2.65625,-2.5,-2.34375,-2.1875,-2.03125,-1.875,-1.71875,-1.5625,-1.40625,-1.25,-1.09375,-0.9375,-0.78125,-0.625,-0.46875,-0.3125,-0.15625,0],"_type":"histogram"},"details/n_training_tokens":476160,"_wandb":{"runtime":673},"metrics/mean_log10_feature_sparsity":-9.90234375,"weights/W_dec_norms":{"values":[304,1137,472,327,297,229,181,161,223,257,280,267,298,298,355,363,304,241,260,236,228,242,262,231,220,221,211,194,209,190,206,186,173,182,144,99,77,65,41,35,30,34,19,20,16,11,15,13,18,7,15,17,20,16,13,13,10,11,10,6,4,3,6,7],"bins":[0.04924904182553291,0.05554825812578201,0.06184747442603111,0.06814669072628021,0.07444591075181961,0.08074512332677841,0.08704434335231781,0.09334355592727661,0.09964277595281601,0.10594198852777481,0.11224120855331421,0.11854042112827301,0.12483964115381241,0.1311388611793518,0.1374380737543106,0.1437372863292694,0.1500364989042282,0.1563357263803482,0.162634938955307,0.1689341515302658,0.1752333641052246,0.1815325915813446,0.1878318041563034,0.1941310167312622,0.2004302442073822,0.206729456782341,0.2130286693572998,0.2193278819322586,0.2256271094083786,0.2319263219833374,0.2382255345582962,0.244524747133255,0.250823974609375,0.2571231722831726,0.2634223997592926,0.2697216272354126,0.2760208249092102,0.2823200523853302,0.2886192798614502,0.2949184775352478,0.3012177050113678,0.3075169026851654,0.3138161301612854,0.3201153576374054,0.326414555311203,0.332713782787323,0.339013010263443,0.3453122079372406,0.3516114354133606,0.3579106628894806,0.3642098605632782,0.3705090880393982,0.3768082857131958,0.3831075131893158,0.3894067406654358,0.3957059383392334,0.4020051658153534,0.4083043932914734,0.414603590965271,0.420902818441391,0.4272020161151886,0.4335012435913086,0.4398004710674286,0.4460996687412262,0.4523988962173462],"_type":"histogram"},"metrics/explained_variance_std":0.11242261528968811,"details/current_learning_rate":5e-05,"model_performance_preservation":{"ce_loss_without_sae":6.892064094543457,"ce_loss_score":-0.11453861099818635,"ce_loss_with_ablation":9.104242324829102,"ce_loss_with_sae":9.357622146606445},"token_stats":{"total_tokens_eval_reconstruction":20480,"total_tokens_eval_sparsity_variance":20480},"sparsity/below_1e-5":10140}